[
  {
    "id": 1,
    "taskName": "Daily Checklist",
    "duration": 30,
    "slotPosition": 1,
    "completed": false,
    "startTime": "08:30 AM",
    "endTime": "09:00 AM",
    "tasks": [
      "Web Application Statuses",
      "SIEM Alerts",
      "Emails",
      "Sprint Board Review",
      "Cyber Range Skool"
    ]
  },
  {
    "id": 2,
    "taskName": "Website Verifications, Accessibility, Vulnerability Mitigations",
    "duration": 90,
    "slotPosition": 2,
    "completed": false,
    "startTime": "09:00 AM",
    "endTime": "10:30 AM"
  },
  {
    "id": 3,
    "taskName": "SIEM & Exabeam University",
    "duration": 90,
    "slotPosition": 3,
    "completed": false,
    "startTime": "10:30 AM",
    "endTime": "12:00 PM",
    "Tasks": [
      "Community Playbooks",
      "Community dashboards",
      "Community smartresponses"
    ]
  },
  {
    "id": 4,
    "taskName": "Documentation",
    "duration": 30,
    "slotPosition": 4,
    "completed": false,
    "startTime": "12:00 PM",
    "endTime": "12:30 PM",
    "tasks": [
      "MVC Postgres application; scoring app"
    ]
  },
  {
    "id": 5,
    "taskName": "Lunch",
    "duration": 60,
    "slotPosition": 5,
    "completed": false,
    "startTime": "12:30 PM",
    "endTime": "01:30 PM"
  },
  {
    "id": 6,
    "taskName": "Tenable",
    "duration": 60,
    "slotPosition": 6,
    "completed": false,
    "startTime": "01:30 PM",
    "endTime": "02:30 PM"
  },
  {
    "id": 7,
    "taskName": "Shadowing (Ninja)",
    "duration": 30,
    "slotPosition": 7,
    "completed": false,
    "startTime": "02:30 PM",
    "endTime": "03:00 PM"
  },
  {
    "id": 8,
    "taskName": "Windows Server, GPO; Udemy || Learn.Windows || Crowdstrike Zero to Admin || AWS",
    "duration": 90,
    "slotPosition": 8,
    "completed": false,
    "startTime": "03:00 PM",
    "endTime": "04:30 PM"
  },
  {
    "id": 9,
    "taskName": "Boxing Gym",
    "duration": 150,
    "slotPosition": 9,
    "completed": false,
    "startTime": "04:30 PM",
    "endTime": "07:00 PM"
  },
  {
    "id": 10,
    "taskName": "Review Electronics/Legos",
    "duration": 60,
    "slotPosition": 10,
    "completed": false,
    "startTime": "07:00 PM",
    "endTime": "08:00 PM"
  },
  {
    "id": 11,
    "taskName": "Workout with Parents",
    "duration": 30,
    "slotPosition": 11,
    "completed": false,
    "startTime": "08:00 PM",
    "endTime": "08:30 PM"
  },
  {
    "id": 12,
    "taskName": "Homework || Electronics || Cooking",
    "duration": 120,
    "slotPosition": 12,
    "completed": false,
    "startTime": "08:30 PM",
    "endTime": "10:30 PM"
  },
  {
    "id": 13,
    "taskName": "Pen & Pad",
    "duration": 160,
    "slotPosition": 13,
    "completed": false,
    "startTime": "10:30 PM",
    "endTime": "11:30 PM"
  }
]
